category	n	pct
not_UR	103020	83.6126644536608
UR	20191	16.387335546339205
