category	n	pct
not_UR	103020	83.61266445366078
UR & genuine==1	1973	1.6013180641338842
UR & genuine==0	18218	14.786017482205322
