tier	n	pct
Gold	31010	25.168207384080965
Silver	51602	41.881000884661276
Bronze	30260	24.559495499590135
None	10339	8.391296231667628
